Meeting Date,Article Title,Article URL,Notes URL
2016-08-22,Fake Reductionism,http://lesswrong.com/lw/op/fake_reductionism,https://palegreendot.net/rrg_notes/2016/08/22/rrg-reading-notes.html
2016-08-22,Savanna Poets,http://lesswrong.com/lw/oq/savanna_poets,https://palegreendot.net/rrg_notes/2016/08/22/rrg-reading-notes.html
2016-08-22,Steering Towards Forbidden Conversations,http://mindingourway.com/steering-towards-forbidden-conversations/,https://palegreendot.net/rrg_notes/2016/08/22/rrg-reading-notes.html
2016-08-22,Staring Into Regrets,http://mindingourway.com/staring-into-regrets,https://palegreendot.net/rrg_notes/2016/08/22/rrg-reading-notes.html
2016-09-12,The Phatic and the Anti-Inductive,http://slatestarcodex.com/2015/01/11/the-phatic-and-the-anti-inductive/,https://palegreendot.net/rrg_notes/2016/09/12/rrg-reading-notes.html
2016-09-12,Beware Trivial Inconveniences,http://lesswrong.com/lw/f1/beware_trivial_inconveniences/,https://palegreendot.net/rrg_notes/2016/09/12/rrg-reading-notes.html
2016-09-12,Moving Towards the Hard Parts,http://mindingourway.com/moving-towards-the-hard-parts/,https://palegreendot.net/rrg_notes/2016/09/12/rrg-reading-notes.html
2016-09-12,The Value of a Life,http://mindingourway.com/the-value-of-a-life/,https://palegreendot.net/rrg_notes/2016/09/12/rrg-reading-notes.html
2016-09-19,"Desire Is The Direction, Rationality Is The Magnitude",http://mindingourway.com/desire-is-the-direction-rationality-is-the-magnitude/,https://palegreendot.net/rrg_notes/2016/09/19/rrg-reading-notes.html
2016-09-19,What Sort of Thing a Brain Is,http://mindingourway.com/what-sort-of-thing-a-brain-is/,https://palegreendot.net/rrg_notes/2016/09/19/rrg-reading-notes.html
2016-09-19,Ephemeral Correspondence,http://mindingourway.com/ephemeral-correspondance/,https://palegreendot.net/rrg_notes/2016/09/19/rrg-reading-notes.html
2016-09-19,The Brain/Mind Distinction,http://mindingourway.com/the-brainmind-distinction/,https://palegreendot.net/rrg_notes/2016/09/19/rrg-reading-notes.html
2016-09-19,The Way of the Rationalist,http://mindingourway.com/the-way-of-the-rationalist/,https://palegreendot.net/rrg_notes/2016/09/19/rrg-reading-notes.html
2016-10-03,Waiting For BQP Fever,http://www.scottaaronson.com/blog/?p=1767,https://palegreendot.net/rrg_notes/2016/10/03/rrg-reading-notes.html
2016-10-03,The Salvation of Doug,http://www.sci.sdsu.edu/~smaloy/MicrobialGenetics/topics/genetics/doug.html,https://palegreendot.net/rrg_notes/2016/10/03/rrg-reading-notes.html
2016-10-03,Meaningness: An Appetizer: Purpose,https://meaningness.com/an-appetizer-purpose,https://palegreendot.net/rrg_notes/2016/10/03/rrg-reading-notes.html
2016-10-03,Half-Assing It With Everything You've Got,http://mindingourway.com/half-assing-it-with-everything-youve-got/,https://palegreendot.net/rrg_notes/2016/10/03/rrg-reading-notes.html
2016-10-17,The Great Filter - Are We Almost Past It? Robin Hanson,http://mason.gmu.edu/~rhanson/greatfilter.html,https://palegreendot.net/rrg_notes/2016/10/17/rrg-reading-notes.html
2016-10-17,Where Are They - Why I Hope the Search for Extraterrestrial Life Finds Nothing - Nick Bostrom,http://www.nickbostrom.com/extraterrestrial.pdf,https://palegreendot.net/rrg_notes/2016/10/17/rrg-reading-notes.html
2016-10-17,Don't Fear The Filter - Scott Alexander,http://slatestarcodex.com/2014/05/28/dont-fear-the-filter/,https://palegreendot.net/rrg_notes/2016/10/17/rrg-reading-notes.html
2016-10-24,DBT Sequence: Assumptions,https://thingofthings.wordpress.com/2015/08/06/dbt-sequence-assumptions/,https://palegreendot.net/rrg_notes/2016/10/24/rrg-reading-notes.html
2016-10-24,DBT Sequence: Dialectics,https://thingofthings.wordpress.com/2015/08/08/dbt-sequence-dialectics/,https://palegreendot.net/rrg_notes/2016/10/24/rrg-reading-notes.html
2016-10-24,DBT Sequence: Chain Analysis,https://thingofthings.wordpress.com/2015/09/06/dbt-sequence-chain-analysis/,https://palegreendot.net/rrg_notes/2016/10/24/rrg-reading-notes.html
2016-10-24,DBT Sequence: Crisis Survival,https://thingofthings.wordpress.com/2015/09/08/dbt-sequence-crisis-survival/,https://palegreendot.net/rrg_notes/2016/10/24/rrg-reading-notes.html
2016-10-24,DBT Sequence: Radical Acceptance,https://thingofthings.wordpress.com/2015/09/15/dbt-sequence-radical-acceptance/,https://palegreendot.net/rrg_notes/2016/10/24/rrg-reading-notes.html
2016-10-24,Radical Acceptance Practice,https://thingofthings.wordpress.com/2015/10/15/radical-acceptance-practice/,https://palegreendot.net/rrg_notes/2016/10/24/rrg-reading-notes.html
2016-10-31,Three Worlds Collide: The Baby Eating Aliens,http://lesswrong.com/lw/y5/the_babyeating_aliens_18/,https://palegreendot.net/rrg_notes/2016/10/31/rrg-reading-notes.html
2016-10-31,War and/or Peace,http://lesswrong.com/lw/y6/war_andor_peace_28/,https://palegreendot.net/rrg_notes/2016/10/31/rrg-reading-notes.html
2016-10-31,The Super Happy People,http://lesswrong.com/lw/y7/the_super_happy_people_38/,https://palegreendot.net/rrg_notes/2016/10/31/rrg-reading-notes.html
2016-10-31,Interlude with the Confessor,http://lesswrong.com/lw/y8/interlude_with_the_confessor_48/,https://palegreendot.net/rrg_notes/2016/10/31/rrg-reading-notes.html
2016-10-31,Three Worlds Decide,http://lesswrong.com/lw/y9/three_worlds_decide_58/,https://palegreendot.net/rrg_notes/2016/10/31/rrg-reading-notes.html
2016-10-31,Normal Ending: Last Tears,http://lesswrong.com/lw/ya/normal_ending_last_tears_68/,https://palegreendot.net/rrg_notes/2016/10/31/rrg-reading-notes.html
2016-10-31,True Ending,http://lesswrong.com/lw/yb/true_ending_sacrificial_fire_78/,https://palegreendot.net/rrg_notes/2016/10/31/rrg-reading-notes.html
2016-10-31,Epilogue: Atonement,http://lesswrong.com/lw/yc/epilogue_atonement_88/,https://palegreendot.net/rrg_notes/2016/10/31/rrg-reading-notes.html
2016-11-07,Richard Feynman: Cargo Cult Science,http://calteches.library.caltech.edu/51/2/CargoCult.htm,https://palegreendot.net/rrg_notes/2016/11/07/rrg-reading-notes.html
2016-11-07,Sam Harris: The Pleasures of Drowning,https://www.samharris.org/blog/item/the-pleasures-of-drowning,https://palegreendot.net/rrg_notes/2016/11/07/rrg-reading-notes.html
2016-11-07,Nate Soares: Failing with Abandon,http://mindingourway.com/failing-with-abandon/,https://palegreendot.net/rrg_notes/2016/11/07/rrg-reading-notes.html
2016-11-07,Nate Soares: Rest in Motion,http://mindingourway.com/rest-in-motion/,https://palegreendot.net/rrg_notes/2016/11/07/rrg-reading-notes.html
2016-11-07,George Orwell: Politics and the English Language,http://www.orwell.ru/library/essays/politics/english/e_polit,https://palegreendot.net/rrg_notes/2016/11/07/rrg-reading-notes.html
2016-11-14,Ask And Guess,http://lesswrong.com/lw/375/ask_and_guess/,https://palegreendot.net/rrg_notes/2016/11/14/rrg-reading-notes.html
2016-11-14,Tell Culture,http://lesswrong.com/lw/jis/tell_culture/,https://palegreendot.net/rrg_notes/2016/11/14/rrg-reading-notes.html
2016-11-14,Reveal Culture,http://malcolmocean.com/2015/06/reveal-culture/,https://palegreendot.net/rrg_notes/2016/11/14/rrg-reading-notes.html
2016-11-14,Against Tell Culture,https://thingofthings.wordpress.com/2015/05/08/against-tell-culture/,https://palegreendot.net/rrg_notes/2016/11/14/rrg-reading-notes.html
2016-11-14,Against Being For or Against Tell Culture,http://agentyduck.blogspot.com/2015/05/against-being-for-or-against-tell.html,https://palegreendot.net/rrg_notes/2016/11/14/rrg-reading-notes.html
2016-11-14,Why You Should Maybe Keep Your Crush a Secret,http://www.theferrett.com/ferrettworks/2014/02/why-you-should-maybe-keep-your-crush-a-secret/,https://palegreendot.net/rrg_notes/2016/11/14/rrg-reading-notes.html
2016-11-21,Coping With Compulsive Behavior,https://thingofthings.wordpress.com/2015/10/16/coping-with-compulsive-behavior/,https://palegreendot.net/rrg_notes/2016/11/21/rrg-reading-notes.html
2016-11-21,Dealing With Relationship Conflict,https://thingofthings.wordpress.com/2015/10/17/dealing-with-relationship-conflict/,https://palegreendot.net/rrg_notes/2016/11/21/rrg-reading-notes.html
2016-11-21,Introduction to Emotion Regulation,https://thingofthings.wordpress.com/2015/10/18/introduction-to-emotion-regulation/,https://palegreendot.net/rrg_notes/2016/11/21/rrg-reading-notes.html
2016-11-21,Understanding and Naming Emotions,https://thingofthings.wordpress.com/2015/10/20/understanding-and-naming-emotions/,https://palegreendot.net/rrg_notes/2016/11/21/rrg-reading-notes.html
2016-11-21,Changing Emotional Responses,https://thingofthings.wordpress.com/2015/11/05/changing-emotional-responses/,https://palegreendot.net/rrg_notes/2016/11/21/rrg-reading-notes.html
2016-11-21,Reducing Vulnerability to Emotions,https://thingofthings.wordpress.com/2015/11/14/reducing-vulnerability-to-emotions/,https://palegreendot.net/rrg_notes/2016/11/21/rrg-reading-notes.html
2016-11-28,"The Gervais Principle, Or The Office According To ""The Office""",http://www.ribbonfarm.com/2009/10/07/the-gervais-principle-or-the-office-according-to-the-office/,https://palegreendot.net/rrg_notes/2016/11/28/rrg-reading-notes.html
2016-11-28,"The Gervais Principle II: PostureTalk, PowerTalk, BabyTalk, and GameTalk",http://www.ribbonfarm.com/2009/11/11/the-gervais-principle-ii-posturetalk-powertalk-babytalk-and-gametalk/,https://palegreendot.net/rrg_notes/2016/11/28/rrg-reading-notes.html
2016-11-28,Morality Compassion and the Sociopath,http://www.ribbonfarm.com/2009/11/21/morality-compassion-and-the-sociopath/,https://palegreendot.net/rrg_notes/2016/11/28/rrg-reading-notes.html
2016-11-28,The Gervais Principle III: The Curse of Development,http://www.ribbonfarm.com/2010/04/14/the-gervais-principle-iii-the-curse-of-development/,https://palegreendot.net/rrg_notes/2016/11/28/rrg-reading-notes.html
2016-11-28,The Gervais Principle IV: Wonderful Human Beings,http://www.ribbonfarm.com/2010/10/14/the-gervais-principle-iv-wonderful-human-beings/,https://palegreendot.net/rrg_notes/2016/11/28/rrg-reading-notes.html
2016-12-05,"The Gervais Principle V: Heads I Win, Tails You Lose",http://www.ribbonfarm.com/2011/10/14/the-gervais-principle-v-heads-i-win-tails-you-lose/,https://palegreendot.net/rrg_notes/2016/12/05/rrg-reading-notes.html
2016-12-05,The Gervais Principle Part VI: Children of an Absent God,http://www.ribbonfarm.com/2013/05/16/the-gervais-principle-vi-children-of-an-absent-god/,https://palegreendot.net/rrg_notes/2016/12/05/rrg-reading-notes.html
2016-12-05,"Geeks, MOPs, and sociopaths in subculture evolution",https://meaningness.com/metablog/geeks-mops-sociopaths,https://palegreendot.net/rrg_notes/2016/12/05/rrg-reading-notes.html
2016-12-12,Troubleshooting Emotion Regulation,https://thingofthings.wordpress.com/2015/11/19/troubleshooting-emotion-regulation/,https://palegreendot.net/rrg_notes/2016/12/12/rrg-reading-notes.html
2016-12-12,Mindfulness: What is Mindfulness,https://thingofthings.wordpress.com/2015/12/03/mindfulness-what-is-mindfulness/,https://palegreendot.net/rrg_notes/2016/12/12/rrg-reading-notes.html
2016-12-12,Mindfulness: Doing and Being Mind,https://thingofthings.wordpress.com/2015/12/09/mindfulness-doing-and-being-mind/,https://palegreendot.net/rrg_notes/2016/12/12/rrg-reading-notes.html
2016-12-12,Mindfulness: Six Mindfulness Skills,https://thingofthings.wordpress.com/2015/12/18/mindfulness-six-mindfulness-skills/,https://palegreendot.net/rrg_notes/2016/12/12/rrg-reading-notes.html
2016-12-12,Mindfulness: Thoughts Are Not Reality,https://thingofthings.wordpress.com/2015/12/19/mindfulness-thoughts-are-not-reality/,https://palegreendot.net/rrg_notes/2016/12/12/rrg-reading-notes.html
2016-12-19,Nobody is Perfect - Everything Is Commensurable,http://slatestarcodex.com/2014/12/19/nobody-is-perfect-everything-is-commensurable/,https://palegreendot.net/rrg_notes/2016/12/19/rrg-reading-notes.html
2016-12-19,How We Talk About What Donations Will Achieve,https://www.givingwhatwecan.org/post/2016/07/how-we-talk-about-what-donations-will-achieve/,https://palegreendot.net/rrg_notes/2016/12/19/rrg-reading-notes.html
2016-12-19,The Long-Term Significance of Reducing Global Catastrophic Risk,http://blog.givewell.org/2015/08/13/the-long-term-significance-of-reducing-global-catastrophic-risks/,https://palegreendot.net/rrg_notes/2016/12/19/rrg-reading-notes.html
2016-12-19,Cosmopolitanism,http://effective-altruism.com/ea/6w/cosmopolitanism/,https://palegreendot.net/rrg_notes/2016/12/19/rrg-reading-notes.html
2016-12-26,Interpersonal Effectiveness: Introduction,https://thingofthings.wordpress.com/2016/01/20/dbt-interpersonal-effectiveness-introduction/,https://palegreendot.net/rrg_notes/2016/12/27/rrg-reading-notes.html
2016-12-26,Interpersonal Effectiveness: Obtaining Objectives Skillfully,https://thingofthings.wordpress.com/2016/02/24/interpersonal-effectiveness-obtaining-objectives-skillfully/,https://palegreendot.net/rrg_notes/2016/12/27/rrg-reading-notes.html
2016-12-26,Interpersonal Effectiveness: Building and Ending Relationships,https://thingofthings.wordpress.com/2016/02/25/interpersonal-effectiveness-building-and-ending-relationships/,https://palegreendot.net/rrg_notes/2016/12/27/rrg-reading-notes.html
2016-12-26,DBT: Walking the Middle Path,https://thingofthings.wordpress.com/2016/03/09/dbt-walking-the-middle-path/,https://palegreendot.net/rrg_notes/2016/12/27/rrg-reading-notes.html
2016-12-26,Avoid vs. Accept,https://thingofthings.wordpress.com/2016/03/17/avoid-vs-accept/,https://palegreendot.net/rrg_notes/2016/12/27/rrg-reading-notes.html
2016-12-26,"With Borderlines, Validate, Don't Reassure",https://thingofthings.wordpress.com/2016/03/30/with-borderlines-validate-dont-reassure/,https://palegreendot.net/rrg_notes/2016/12/27/rrg-reading-notes.html
2017-01-02,Mr. Jaynes' Wild Ride,http://www.meltingasphalt.com/mr-jaynes-wild-ride/,https://palegreendot.net/rrg_notes/2017/01/01/rrg-reading-notes.html
2017-01-02,Accepting Deviant Minds,http://www.meltingasphalt.com/accepting-deviant-minds/,https://palegreendot.net/rrg_notes/2017/01/01/rrg-reading-notes.html
2017-01-02,Neurons Gone Wild,http://www.meltingasphalt.com/neurons-gone-wild/,https://palegreendot.net/rrg_notes/2017/01/01/rrg-reading-notes.html
2017-01-02,Hallucinated Gods,http://www.meltingasphalt.com/hallucinated-gods/,https://palegreendot.net/rrg_notes/2017/01/01/rrg-reading-notes.html
2017-01-30,Artificial Intelligence as a Positive and Negative Factor in Global Risk,https://intelligence.org/files/AIPosNegFactor.pdf,https://palegreendot.net/rrg_notes/2017/01/30/rrg-reading-notes.html
2017-02-06,Making Beliefs Pay Rent (In Anticipated Experiences),http://lesswrong.com/lw/i3/making_beliefs_pay_rent_in_anticipated_experiences/,https://palegreendot.net/rrg_notes/2017/02/06/rrg-reading-notes.html
2017-02-06,Taboo Your Words,http://lesswrong.com/lw/nu/taboo_your_words/,https://palegreendot.net/rrg_notes/2017/02/06/rrg-reading-notes.html
2017-02-06,Confidence Levels Inside and Outside An Argument,http://lesswrong.com/lw/3be/confidence_levels_inside_and_outside_an_argument/,https://palegreendot.net/rrg_notes/2017/02/06/rrg-reading-notes.html
2017-02-06,Knowing About Biases Can Hurt People,http://lesswrong.com/lw/he/knowing_about_biases_can_hurt_people/,https://palegreendot.net/rrg_notes/2017/02/06/rrg-reading-notes.html
2017-02-06,"If It's Worth Doing, It's Worth Doing With Made Up Statistics",http://slatestarcodex.com/2013/05/02/if-its-worth-doing-its-worth-doing-with-made-up-statistics/,https://palegreendot.net/rrg_notes/2017/02/06/rrg-reading-notes.html
2017-02-13,Empathy Gaps - Introduction,http://joshuaspodek.com/js_blogseries/empathy-gaps-series,https://palegreendot.net/rrg_notes/2017/02/13/rrg-reading-notes.html
2017-02-20,Ugh Fields,http://lesswrong.com/lw/21b/ugh_fields/,https://palegreendot.net/rrg_notes/2017/02/19/rrg-reading-notes.html
2017-02-20,Rubber Duck Debugging,https://en.wikipedia.org/wiki/Rubber_duck_debugging,https://palegreendot.net/rrg_notes/2017/02/19/rrg-reading-notes.html
2017-02-27,Consistently Inconsistent,http://lesswrong.com/lw/6yh/consistently_inconsistent/,https://palegreendot.net/rrg_notes/2017/02/25/rrg-reading-notes.html
2017-02-27,Modularity and Buzzy,http://lesswrong.com/lw/6z3/modularity_and_buzzy/,https://palegreendot.net/rrg_notes/2017/02/25/rrg-reading-notes.html
2017-02-27,Strategic Ignorance and Plausible Deniability,http://lesswrong.com/lw/72d/strategic_ignorance_and_plausible_deniability/,https://palegreendot.net/rrg_notes/2017/02/25/rrg-reading-notes.html
2017-02-27,"Modularity, Signaling and Belief in Belief",http://lesswrong.com/lw/8ev/modularity_signaling_and_belief_in_belief/,https://palegreendot.net/rrg_notes/2017/02/25/rrg-reading-notes.html
2017-03-13,Mundane Magic,http://lesswrong.com/lw/ve/mundane_magic/,https://palegreendot.net/rrg_notes/2017/03/11/rrg-reading-notes.html
2017-03-13,Scarcity,http://lesswrong.com/lw/oz/scarcity/,https://palegreendot.net/rrg_notes/2017/03/11/rrg-reading-notes.html
2017-03-13,Angry Atoms,http://lesswrong.com/lw/p3/angry_atoms/,https://palegreendot.net/rrg_notes/2017/03/11/rrg-reading-notes.html
2017-03-13,Heat vs. Motion,http://lesswrong.com/lw/p4/heat_vs_motion/,https://palegreendot.net/rrg_notes/2017/03/11/rrg-reading-notes.html
2017-03-13,A Priori,http://lesswrong.com/lw/k2/a_priori/,https://palegreendot.net/rrg_notes/2017/03/11/rrg-reading-notes.html
2017-03-20,Replacing Guilt,http://mindingourway.com/replacing-guilt/,https://palegreendot.net/rrg_notes/2017/03/20/rrg-reading-notes.html
2017-03-20,The Stamp Collector,http://mindingourway.com/the-stamp-collector/,https://palegreendot.net/rrg_notes/2017/03/20/rrg-reading-notes.html
2017-03-20,You're Allowed To Fight For Something,http://mindingourway.com/youre-allowed-to-fight-for-something/,https://palegreendot.net/rrg_notes/2017/03/20/rrg-reading-notes.html
2017-03-20,Caring About Something Larger Than Yourself,http://mindingourway.com/caring-about-some/,https://palegreendot.net/rrg_notes/2017/03/20/rrg-reading-notes.html
2017-03-20,You Don't Get To Know What You're Fighting For,http://mindingourway.com/you-dont-get-t/,https://palegreendot.net/rrg_notes/2017/03/20/rrg-reading-notes.html
2017-04-03,Should Considered Harmful,http://mindingourway.com/should-considered-harmful/,https://palegreendot.net/rrg_notes/2017/04/03/rrg-reading-notes.html
2017-04-03,"Not Because You ""Should""",http://mindingourway.com/not-because-you-should/,https://palegreendot.net/rrg_notes/2017/04/03/rrg-reading-notes.html
2017-04-03,"Your ""Shoulds"" Are Not A Duty",http://mindingourway.com/shoulds-are-not-a-duty/,https://palegreendot.net/rrg_notes/2017/04/03/rrg-reading-notes.html
2017-04-03,Working Yourself Ragged Is Not A Virtue,http://mindingourway.com/stop-before-you-drop/,https://palegreendot.net/rrg_notes/2017/04/03/rrg-reading-notes.html
2017-04-03,Rest in Motion,http://mindingourway.com/rest-in-motion/,https://palegreendot.net/rrg_notes/2017/04/03/rrg-reading-notes.html
2017-04-10,Dreams of AI Design,http://lesswrong.com/lw/tf/dreams_of_ai_design/,https://palegreendot.net/rrg_notes/2017/04/08/rrg-reading-notes.html
2017-04-10,The Failures of Eld Science,http://lesswrong.com/lw/q9/the_failures_of_eld_science/,https://palegreendot.net/rrg_notes/2017/04/08/rrg-reading-notes.html
2017-04-10,"No Safe Defense, Not Even Science",http://lesswrong.com/lw/qf/no_safe_defense_not_even_science/,https://palegreendot.net/rrg_notes/2017/04/08/rrg-reading-notes.html
2017-04-10,Einstein's Speed,http://lesswrong.com/lw/qj/einsteins_speed/,https://palegreendot.net/rrg_notes/2017/04/08/rrg-reading-notes.html
2017-04-10,That Alien Message,http://lesswrong.com/lw/qk/that_alien_message/,https://palegreendot.net/rrg_notes/2017/04/08/rrg-reading-notes.html
2017-04-17,Wait Culture vs. Interrupt Culture,http://lesswrong.com/lw/j5n/wait_vs_interrupt_culture/,https://palegreendot.net/rrg_notes/2017/04/17/rrg-reading-notes.html
2017-04-17,Interpretive Labor,https://acesounderglass.com/2015/06/09/interpretive-labor/,https://palegreendot.net/rrg_notes/2017/04/17/rrg-reading-notes.html
2017-04-17,Ra,https://srconstantin.wordpress.com/2016/10/20/ra/,https://palegreendot.net/rrg_notes/2017/04/17/rrg-reading-notes.html
2017-04-17,The Copenhagen Interpretation of Ethics,https://blog.jaibot.com/the-copenhagen-interpretation-of-ethics/,https://palegreendot.net/rrg_notes/2017/04/17/rrg-reading-notes.html
2017-04-17,Theory of Change,http://www.aaronsw.com/weblog/theoryofchange,https://palegreendot.net/rrg_notes/2017/04/17/rrg-reading-notes.html
2017-05-01,Not For The Sake of Happiness (Alone),http://lesswrong.com/lw/lb/not_for_the_sake_of_happiness_alone/,https://palegreendot.net/rrg_notes/2017/04/30/rrg-reading-notes.html
2017-05-01,Fake Selfishness,http://lesswrong.com/lw/kx/fake_selfishness/,https://palegreendot.net/rrg_notes/2017/04/30/rrg-reading-notes.html
2017-05-01,Fake Morality,http://lesswrong.com/lw/ky/fake_morality/,https://palegreendot.net/rrg_notes/2017/04/30/rrg-reading-notes.html
2017-05-01,Fake Utility Functions,http://lesswrong.com/lw/lq/fake_utility_functions/,https://palegreendot.net/rrg_notes/2017/04/30/rrg-reading-notes.html
2017-05-01,Detached Lever Fallacy,http://lesswrong.com/lw/sp/detached_lever_fallacy/,https://palegreendot.net/rrg_notes/2017/04/30/rrg-reading-notes.html
2017-05-08,"I, Pencil",http://www.econlib.org/library/Essays/rdPncl1.html,https://palegreendot.net/rrg_notes/2017/05/08/rrg-reading-notes.html
2017-05-08,A Big Little Idea Called Legibility,https://www.ribbonfarm.com/2010/07/26/a-big-little-idea-called-legibility/,https://palegreendot.net/rrg_notes/2017/05/08/rrg-reading-notes.html
2017-05-08,Astronomical Waste: The Opportunity Cost of Delayed Technological Development,http://www.nickbostrom.com/astronomical/waste.html,https://palegreendot.net/rrg_notes/2017/05/08/rrg-reading-notes.html
2017-05-08,A Hanging,http://orwell.ru/library/articles/hanging/english/e_hanging,https://palegreendot.net/rrg_notes/2017/05/08/rrg-reading-notes.html
2017-05-08,How To Do What You Love,http://www.paulgraham.com/love.html,https://palegreendot.net/rrg_notes/2017/05/08/rrg-reading-notes.html
2017-05-15,What Would You Do Without Morality,http://lesswrong.com/lw/rq/what_would_you_do_without_morality/,https://palegreendot.net/rrg_notes/2017/05/13/rrg-reading-notes.html
2017-05-15,Changing Your Metaethics,http://lesswrong.com/lw/sk/changing_your_metaethics/,https://palegreendot.net/rrg_notes/2017/05/13/rrg-reading-notes.html
2017-05-15,Could Anything Be Right,http://lesswrong.com/lw/sb/could_anything_be_right/,https://palegreendot.net/rrg_notes/2017/05/13/rrg-reading-notes.html
2017-05-15,Morality as Fixed Computation,http://lesswrong.com/lw/sw/morality_as_fixed_computation/,https://palegreendot.net/rrg_notes/2017/05/13/rrg-reading-notes.html
2017-05-15,The True Prisoners' Dilemma,http://lesswrong.com/lw/tn/the_true_prisoners_dilemma/,https://palegreendot.net/rrg_notes/2017/05/13/rrg-reading-notes.html
2017-07-03,My Childhood Death Spiral,http://lesswrong.com/lw/ty/my_childhood_death_spiral/,https://palegreendot.net/rrg_notes/2017/07/03/rrg-reading-notes.html
2017-07-03,My Best and Worst Mistake,http://lesswrong.com/lw/tz/my_best_and_worst_mistake/,https://palegreendot.net/rrg_notes/2017/07/03/rrg-reading-notes.html
2017-07-03,Raised In Technophilia,http://lesswrong.com/lw/u0/raised_in_technophilia/,https://palegreendot.net/rrg_notes/2017/07/03/rrg-reading-notes.html
2017-07-03,A Prodigy of Refutation,http://lesswrong.com/lw/u1/a_prodigy_of_refutation/,https://palegreendot.net/rrg_notes/2017/07/03/rrg-reading-notes.html
2017-07-03,The Sheer Folly of Callow Youth,http://lesswrong.com/lw/u2/the_sheer_folly_of_callow_youth/,https://palegreendot.net/rrg_notes/2017/07/03/rrg-reading-notes.html
2017-07-03,That Tiny Note of Discord,http://lesswrong.com/lw/u7/that_tiny_note_of_discord/,https://palegreendot.net/rrg_notes/2017/07/03/rrg-reading-notes.html
2017-06-05,Scope Insensitivity,http://lesswrong.com/lw/hw/scope_insensitivity/,https://palegreendot.net/rrg_notes/2017/06/05/rrg-reading-notes.html
2017-06-05,The Allais Paradox,http://lesswrong.com/lw/my/the_allais_paradox/,https://palegreendot.net/rrg_notes/2017/06/05/rrg-reading-notes.html
2017-06-05,Zut Allais,http://lesswrong.com/lw/mz/zut_allais/,https://palegreendot.net/rrg_notes/2017/06/05/rrg-reading-notes.html
2017-06-05,The 'Intuitions' behind 'Utilitarianism',http://lesswrong.com/lw/n9/the_intuitions_behind_utilitarianism/,https://palegreendot.net/rrg_notes/2017/06/05/rrg-reading-notes.html
2017-06-05,Ends Don't Justify Means (Among Humans),http://lesswrong.com/lw/uv/ends_dont_justify_means_among_humans/,https://palegreendot.net/rrg_notes/2017/06/05/rrg-reading-notes.html
2017-06-12,The Art of Response,http://mindingourway.com/the-art-of-response/,https://palegreendot.net/rrg_notes/2017/06/11/rrg-reading-notes.html
2017-06-12,Why Books Are Fake,https://www.ribbonfarm.com/2017/06/01/why-books-are-fake/,https://palegreendot.net/rrg_notes/2017/06/11/rrg-reading-notes.html
2017-06-12,Class Has Normative Power,https://bambamramfan.tumblr.com/post/154054812092/class-has-normative-power,https://palegreendot.net/rrg_notes/2017/06/11/rrg-reading-notes.html
2017-06-12,Stop Hacking Your Life,http://www.artofmanliness.com/2015/04/13/stop-hacking-your-life/,https://palegreendot.net/rrg_notes/2017/06/11/rrg-reading-notes.html
2017-06-12,Should Non-experts Shut Up - The Skeptic's Catch-22,http://rationallyspeaking.blogspot.com/2010/07/should-non-experts-shut-up-skeptics_14.html,https://palegreendot.net/rrg_notes/2017/06/11/rrg-reading-notes.html
2017-06-19,Ethical Injunctions,http://lesswrong.com/lw/v1/ethical_injunctions/,https://palegreendot.net/rrg_notes/2017/06/18/rrg-reading-notes.html
2017-06-19,Something To Protect,http://lesswrong.com/lw/nb/something_to_protect/,https://palegreendot.net/rrg_notes/2017/06/18/rrg-reading-notes.html
2017-06-19,When (Not) To Use Probabilities,http://lesswrong.com/lw/sg/when_not_to_use_probabilities/,https://palegreendot.net/rrg_notes/2017/06/18/rrg-reading-notes.html
2017-06-19,Newcomb's Problem and the Regret of Rationality,http://lesswrong.com/lw/nc/newcombs_problem_and_regret_of_rationality/,https://palegreendot.net/rrg_notes/2017/06/18/rrg-reading-notes.html
2017-06-19,Tsuyoku Naritai! (I Want To Become Stronger),http://lesswrong.com/lw/h8/tsuyoku_naritai_i_want_to_become_stronger/,https://palegreendot.net/rrg_notes/2017/06/18/rrg-reading-notes.html
2017-06-26,Man As A Rationalist Animal,https://samzdat.com/2017/05/22/man-as-a-rationalist-animal/,https://palegreendot.net/rrg_notes/2017/06/26/rrg-reading-notes.html
2017-06-26,Kindness Against The Grain,https://srconstantin.wordpress.com/2017/06/08/kindness-against-the-grain/,https://palegreendot.net/rrg_notes/2017/06/26/rrg-reading-notes.html
2017-06-26,See The Dark World,http://mindingourway.com/see-the-dark-world/,https://palegreendot.net/rrg_notes/2017/06/26/rrg-reading-notes.html
2017-06-26,A Nihilist's Guide To Meaning,http://www.meltingasphalt.com/a-nihilists-guide-to-meaning/,https://palegreendot.net/rrg_notes/2017/06/26/rrg-reading-notes.html
2017-07-17,Do Rational People Exist,https://srconstantin.wordpress.com/2014/06/09/do-rationalists-exist,https://palegreendot.net/rrg_notes/2017/07/17/rrg-reading-notes.html
2017-07-17,Critical Thinking,http://www.aft.org/sites/default/files/periodicals/Crit_Thinking.pdf,https://palegreendot.net/rrg_notes/2017/07/17/rrg-reading-notes.html
2017-07-17,Do Lifehacks Ever Reach Fixation,http://slatestarcodex.com/2014/03/03/do-life-hacks-ever-reach-fixation/,https://palegreendot.net/rrg_notes/2017/07/17/rrg-reading-notes.html
2017-07-17,Superforceasting: How to Upgrade Your Company's Judgement,https://hbr.org/2016/05/superforecasting-how-to-upgrade-your-companys-judgment,https://palegreendot.net/rrg_notes/2017/07/17/rrg-reading-notes.html
2017-07-24,The Use and Abuse of Witchdoctors for Life,https://samzdat.com/2017/06/19/the-use-and-abuse-of-witchdoctors-for-life/,https://palegreendot.net/rrg_notes/2017/07/23/rrg-reading-notes.html
2017-07-31,Fighting a Rearguard Action Against The Truth,http://lesswrong.com/lw/u8/fighting_a_rearguard_action_against_the_truth/,https://palegreendot.net/rrg_notes/2017/07/30/rrg-reading-notes.html
2017-07-31,My Naturalistic Awakening,http://lesswrong.com/lw/u9/my_naturalistic_awakening/,https://palegreendot.net/rrg_notes/2017/07/30/rrg-reading-notes.html
2017-07-31,The Level Above Mine,http://lesswrong.com/lw/ua/the_level_above_mine/,https://palegreendot.net/rrg_notes/2017/07/30/rrg-reading-notes.html
2017-07-31,The Magnitude of His Own Folly,http://lesswrong.com/lw/ue/the_magnitude_of_his_own_folly/,https://palegreendot.net/rrg_notes/2017/07/30/rrg-reading-notes.html
2017-07-31,Beyond the Reach of God,http://lesswrong.com/lw/uk/beyond_the_reach_of_god/,https://palegreendot.net/rrg_notes/2017/07/30/rrg-reading-notes.html
2017-08-07,My Bayesian Englightenment,http://lesswrong.com/lw/ul/my_bayesian_enlightenment/,https://palegreendot.net/rrg_notes/2017/08/07/rrg-reading-notes.html
2017-08-07,What Should We Be Worried About,https://www.edge.org/response-detail/23879,https://palegreendot.net/rrg_notes/2017/08/07/rrg-reading-notes.html
2017-08-07,Intensity of Emotion Tied To Perception and Thinking,http://www.nytimes.com/1987/03/17/science/intensity-of-emotion-tied-to-perception-and-thinking.html,https://palegreendot.net/rrg_notes/2017/08/07/rrg-reading-notes.html
2017-08-07,Against Unreasonably High Standards,https://unstableontology.com/2017/07/10/against-unreasonably-high-standards/,https://palegreendot.net/rrg_notes/2017/08/07/rrg-reading-notes.html
2017-08-14,Tsuyoku Naritai! (I Want To Become Stronger),http://lesswrong.com/lw/h8/tsuyoku_naritai_i_want_to_become_stronger/,https://palegreendot.net/rrg_notes/2017/08/13/rrg-reading-notes.html
2017-08-14,There Is No Try,http://mindingourway.com/there-is-no-try/,https://palegreendot.net/rrg_notes/2017/08/13/rrg-reading-notes.html
2017-08-14,On Doing The Impossible,http://lesswrong.com/lw/un/on_doing_the_impossible/,https://palegreendot.net/rrg_notes/2017/08/13/rrg-reading-notes.html
2017-08-14,Making an Extraordinary Effort,http://lesswrong.com/lw/uo/make_an_extraordinary_effort/,https://palegreendot.net/rrg_notes/2017/08/13/rrg-reading-notes.html
2017-08-28,Backwards Reasoning Over Decision Trees,http://speezepearson.github.io/intro-to-game-theory/1-fast.html,https://palegreendot.net/rrg_notes/2017/08/28/rrg-reading-notes.html
2017-08-28,Nash Equilibria and Schelling Points,http://speezepearson.github.io/intro-to-game-theory/2-fast.html,https://palegreendot.net/rrg_notes/2017/08/28/rrg-reading-notes.html
2017-08-28,Introduction to Prisoners' Dilemma,http://speezepearson.github.io/intro-to-game-theory/3-fast.html,https://palegreendot.net/rrg_notes/2017/08/28/rrg-reading-notes.html
2017-08-28,Real World Solutions To Prisoner's Dilemmas,http://speezepearson.github.io/intro-to-game-theory/4-fast.html,https://palegreendot.net/rrg_notes/2017/08/28/rrg-reading-notes.html
2017-08-28,Interlude For Behavioral Economics,http://speezepearson.github.io/intro-to-game-theory/5-fast.html,https://palegreendot.net/rrg_notes/2017/08/28/rrg-reading-notes.html
2017-09-11,Why Your Brain Hates Other People,http://nautil.us/issue/49/the-absurd/why-your-brain-hates-other-people,https://palegreendot.net/rrg_notes/2017/09/11/rrg-reading-notes.html
2017-09-11,Lying On The Ground,https://mindlevelup.wordpress.com/2017/07/29/lying-on-the-ground/,https://palegreendot.net/rrg_notes/2017/09/11/rrg-reading-notes.html
2017-09-11,What Do We Really Want,https://www.gsb.stanford.edu/insights/what-do-we-really-want,https://palegreendot.net/rrg_notes/2017/09/11/rrg-reading-notes.html
2017-09-11,How Social Is Reason,http://www.overcomingbias.com/2017/08/how-social-is-reason.html,https://palegreendot.net/rrg_notes/2017/09/11/rrg-reading-notes.html
2017-09-11,Ems Evolve,http://www.bayesianinvestor.com/blog/index.php/2017/07/28/ems-evolve/,https://palegreendot.net/rrg_notes/2017/09/11/rrg-reading-notes.html
2017-09-18,Book Review: Surfing Uncertainty,http://slatestarcodex.com/2017/09/05/book-review-surfing-uncertainty/,https://palegreendot.net/rrg_notes/2017/09/17/rrg-reading-notes.html
2017-09-18,Predictive Processing and Perceptual Control,http://slatestarcodex.com/2017/09/06/predictive-processing-and-perceptual-control/,https://palegreendot.net/rrg_notes/2017/09/17/rrg-reading-notes.html
2017-09-18,How Do We Get Breasts Out Of Bayes Theorem,http://slatestarcodex.com/2017/09/07/how-do-we-get-breasts-out-of-bayes-theorem/,https://palegreendot.net/rrg_notes/2017/09/17/rrg-reading-notes.html
2017-09-25,A Sense That More Is Possible,http://lesswrong.com/lw/2c/a_sense_that_more_is_possible/,https://palegreendot.net/rrg_notes/2017/09/24/rrg-reading-notes.html
2017-09-25,Epistemic Viciousness,http://lesswrong.com/lw/2i/epistemic_viciousness/,https://palegreendot.net/rrg_notes/2017/09/24/rrg-reading-notes.html
2017-09-25,Schools Proliferating Without Evidence,http://lesswrong.com/lw/2j/schools_proliferating_without_evidence/,https://palegreendot.net/rrg_notes/2017/09/24/rrg-reading-notes.html
2017-09-25,Three Levels of Rationality Verification,http://lesswrong.com/lw/2s/3_levels_of_rationality_verification/,https://palegreendot.net/rrg_notes/2017/09/24/rrg-reading-notes.html
2017-09-25,Why Our Kind Cannot Cooperate,http://lesswrong.com/lw/3h/why_our_kind_cant_cooperate/,https://palegreendot.net/rrg_notes/2017/09/24/rrg-reading-notes.html
2017-10-02,Tolerate Tolerance,http://lesswrong.com/lw/42/tolerate_tolerance/,https://palegreendot.net/rrg_notes/2017/09/28/rrg-reading-notes.html
2017-10-02,Your Price For Joining,http://lesswrong.com/lw/5j/your_price_for_joining/,https://palegreendot.net/rrg_notes/2017/09/28/rrg-reading-notes.html
2017-10-02,Can Humanism Match Religion's Output,http://lesswrong.com/lw/5t/can_humanism_match_religions_output/,https://palegreendot.net/rrg_notes/2017/09/28/rrg-reading-notes.html
2017-10-02,Church vs. Taskforce,http://lesswrong.com/lw/5v/church_vs_taskforce/,https://palegreendot.net/rrg_notes/2017/09/28/rrg-reading-notes.html
2017-10-02,Rationality: Common Interest of Many Causes,http://lesswrong.com/lw/66/rationality_common_interest_of_many_causes/,https://palegreendot.net/rrg_notes/2017/09/28/rrg-reading-notes.html
2017-10-09,Postmodernism for Rationalists,{{site.url}}/assets/2017-10-09/postmodernism_for_rationalists.pdf,https://palegreendot.net/rrg_notes/2017/10/10/rrg-reading-notes.html
2017-10-16,The Crash of Flight 90: Doomed By Self-Deception,http://www.roberttrivers.com/Robert_Trivers/Publications_files/T%26Newton1982article-2.pdf,https://palegreendot.net/rrg_notes/2017/10/15/rrg-reading-notes.html
2017-10-16,Competent Elites,http://lesswrong.com/lw/ub/competent_elites/,https://palegreendot.net/rrg_notes/2017/10/15/rrg-reading-notes.html
2017-10-16,Inefficiencies in the Social Value Market,https://juliagalef.com/2017/07/28/inefficiencies-in-the-social-value-market/,https://palegreendot.net/rrg_notes/2017/10/15/rrg-reading-notes.html
2017-10-16,Humans Are Born Irrational And That Has Made Us Better Decision Makers,https://qz.com/922924/humans-werent-designed-to-be-rational-and-we-are-better-thinkers-for-it/,https://palegreendot.net/rrg_notes/2017/10/15/rrg-reading-notes.html
2017-10-16,Why I Am Not A Quaker (even though it often seems as though I should be),http://benjaminrosshoffman.com/why-i-am-not-a-quaker-even-though-it-often-seems-as-though-i-should-be/,https://palegreendot.net/rrg_notes/2017/10/15/rrg-reading-notes.html
2017-10-23,Intellectual Progress Inside and Outside Academia,https://www.lesserwrong.com/posts/xQ9tMMk3RArodLtDq/intellectual-progress-inside-and-outside-academia,https://palegreendot.net/rrg_notes/2017/10/22/rrg-reading-notes.html
2017-10-23,Research Debt,https://distill.pub/2017/research-debt/,https://palegreendot.net/rrg_notes/2017/10/22/rrg-reading-notes.html
2017-10-23,Rereading Kahneman's Thinking Fast and Slow,https://jasoncollins.org/2016/06/29/re-reading-kahnemans-thinking-fast-and-slow/,https://palegreendot.net/rrg_notes/2017/10/22/rrg-reading-notes.html
2017-10-23,Devoodoofying Psychology,http://slatestarcodex.com/2016/08/25/devoodooifying-psychology/,https://palegreendot.net/rrg_notes/2017/10/22/rrg-reading-notes.html
2017-10-23,Learning To Love Scientific Consensus,http://slatestarcodex.com/2017/04/17/learning-to-love-scientific-consensus/,https://palegreendot.net/rrg_notes/2017/10/22/rrg-reading-notes.html
2017-10-30,For Signalling (Part 1),https://meteuphoric.wordpress.com/2017/09/27/for-signaling-part-i/,https://palegreendot.net/rrg_notes/2017/10/30/rrg-reading-notes.html
2017-10-30,There's No Fire Alarm For Artificial General Intelligence,https://intelligence.org/2017/10/13/fire-alarm/,https://palegreendot.net/rrg_notes/2017/10/30/rrg-reading-notes.html
2017-10-30,The Order of the Soul,http://benjaminrosshoffman.com/the-order-of-the-soul/,https://palegreendot.net/rrg_notes/2017/10/30/rrg-reading-notes.html
2017-10-30,The People In My Head Who Make Me Do Things,https://agentyduck.blogspot.com/2016/04/the-people-in-my-head-who-make-me-do.html,https://palegreendot.net/rrg_notes/2017/10/30/rrg-reading-notes.html
2017-10-30,Guided By The Beauty of Our Weapons,http://slatestarcodex.com/2017/03/24/guided-by-the-beauty-of-our-weapons/,https://palegreendot.net/rrg_notes/2017/10/30/rrg-reading-notes.html
2017-11-06,Gears In Understanding,http://lesswrong.com/lw/ozz/gears_in_understanding/,https://palegreendot.net/rrg_notes/2017/11/06/rrg-reading-notes.html
2017-11-06,In Praise of Fake Frameworks,http://lesswrong.com/lw/p80/in_praise_of_fake_frameworks/,https://palegreendot.net/rrg_notes/2017/11/06/rrg-reading-notes.html
2017-11-06,The MTG Color Wheel,https://www.lesserwrong.com/posts/KbaJsfBtdpGv7EKbC/the-mtg-color-wheel,https://palegreendot.net/rrg_notes/2017/11/06/rrg-reading-notes.html
2017-11-06,On Types of Typologies,http://slatestarcodex.com/2014/05/27/on-types-of-typologies/,https://palegreendot.net/rrg_notes/2017/11/06/rrg-reading-notes.html
2017-11-13,"All in All, Another Brick in the Motte",http://slatestarcodex.com/2014/11/03/all-in-all-another-brick-in-the-motte/,https://palegreendot.net/rrg_notes/2017/11/12/rrg-reading-notes.html
2017-11-13,On Exposing Hypocrisy,http://www.overcomingbias.com/2015/01/on-exposing-hypocrisy.html,https://palegreendot.net/rrg_notes/2017/11/12/rrg-reading-notes.html
2017-11-13,Be Comfortable With Hypocrisy,http://lesswrong.com/lw/k12/be_comfortable_with_hypocrisy/,https://palegreendot.net/rrg_notes/2017/11/12/rrg-reading-notes.html
2017-11-13,Ditch The Word 'Hypocrite',https://nothingismere.com/2015/09/16/ditch-the-word-hypocrite/,https://palegreendot.net/rrg_notes/2017/11/12/rrg-reading-notes.html
2017-11-20,Inadequacy and Modesty,https://equilibriabook.com/inadequacy-and-modesty/,https://palegreendot.net/rrg_notes/2017/11/20/rrg-reading-notes.html
2017-11-20,An Equilibrium of No Free Energy,https://equilibriabook.com/an-equilibrium-of-no-free-energy/,https://palegreendot.net/rrg_notes/2017/11/20/rrg-reading-notes.html
2017-11-20,Moloch's Toolbox,https://equilibriabook.com/molochs-toolbox/,https://palegreendot.net/rrg_notes/2017/11/20/rrg-reading-notes.html
2017-11-27,Authentic Signals,http://www.overcomingbias.com/2017/11/authentic-signals.html,https://palegreendot.net/rrg_notes/2017/11/27/rrg-reading-notes.html
2017-11-27,The Best and the Brightest,http://sudoscript.com/the-best-and-the-brightest/,https://palegreendot.net/rrg_notes/2017/11/27/rrg-reading-notes.html
2017-11-27,Play in Hard Mode,https://thezvi.wordpress.com/2017/08/26/play-in-hard-mode/,https://palegreendot.net/rrg_notes/2017/11/27/rrg-reading-notes.html
2017-11-27,Play In Easy Mode,https://thezvi.wordpress.com/2017/08/26/play-in-easy-mode/,https://palegreendot.net/rrg_notes/2017/11/27/rrg-reading-notes.html
2017-11-27,Half-Assing It With Everything You've Got,http://mindingourway.com/half-assing-it-with-everything-youve-got/,https://palegreendot.net/rrg_notes/2017/11/27/rrg-reading-notes.html
2017-12-04,Living In An Inadequate World,https://equilibriabook.com/living-in-an-inadequate-world/,https://palegreendot.net/rrg_notes/2017/12/01/rrg-reading-notes.html
2017-12-04,Blind Empiricism,https://equilibriabook.com/blind-empiricism/,https://palegreendot.net/rrg_notes/2017/12/01/rrg-reading-notes.html
2017-12-11,The Bummer Economy,https://putanumonit.com/2016/04/02/021_bummer/,https://palegreendot.net/rrg_notes/2017/12/10/rrg-reading-notes.html
2017-12-11,Familiar Finance,https://putanumonit.com/2017/02/27/familiar-finance/,https://palegreendot.net/rrg_notes/2017/12/10/rrg-reading-notes.html
2017-12-11,Time Well Spent,https://putanumonit.com/2017/05/09/time-well-spent/,https://palegreendot.net/rrg_notes/2017/12/10/rrg-reading-notes.html
2017-12-11,"Strong Men Are Socialist, Reports Study That Previously Reported The Opposite",https://putanumonit.com/2017/05/27/strong-men-are-socialist-reports-a-study-that-previously-reported-the-opposite/,https://palegreendot.net/rrg_notes/2017/12/10/rrg-reading-notes.html
2017-12-18,Slack,https://thezvi.wordpress.com/2017/09/30/slack/,https://palegreendot.net/rrg_notes/2017/12/15/rrg-reading-notes.html
2017-12-18,Confessions of a Slacker,https://putanumonit.com/2017/11/07/confessions-of-a-slacker/amp/,https://palegreendot.net/rrg_notes/2017/12/15/rrg-reading-notes.html
2017-12-18,The Rules About Responding To Call-Outs Aren't Working,https://www.realsocialskills.org/blog/the-rules-about-responding-to-call-outs-arent,https://palegreendot.net/rrg_notes/2017/12/15/rrg-reading-notes.html
2017-12-18,"A Lament on Simler, et. al",https://everythingstudies.com/2017/12/05/a-lament-on-simler-et-al/,https://palegreendot.net/rrg_notes/2017/12/15/rrg-reading-notes.html
2017-12-18,The Cactus and the Weasel,https://www.ribbonfarm.com/2014/02/20/the-cactus-and-the-weasel/,https://palegreendot.net/rrg_notes/2017/12/15/rrg-reading-notes.html
2018-01-08,Am I Truly Mardukth,https://balioc.wordpress.com/2017/02/18/am-i-truly-mardukth/,https://palegreendot.net/rrg_notes/2018/01/01/rrg-reading-notes.html
2018-01-08,The Story of the Self,https://balioc.wordpress.com/2017/02/20/the-story-of-the-self/,https://palegreendot.net/rrg_notes/2018/01/01/rrg-reading-notes.html
2018-01-08,The LARP of the Covenant,https://balioc.wordpress.com/2017/02/27/larp-of-the-covenant/,https://palegreendot.net/rrg_notes/2018/01/01/rrg-reading-notes.html
2018-01-08,What's Your Type: Identity and its Discontents,https://srconstantin.wordpress.com/2017/03/09/4896/,https://palegreendot.net/rrg_notes/2018/01/01/rrg-reading-notes.html
2018-01-08,Responsa,https://balioc.wordpress.com/2017/03/15/responsa/,https://palegreendot.net/rrg_notes/2018/01/01/rrg-reading-notes.html
2018-01-22,The Craft and the Community: A Post-Mortem & Resurrection,https://www.greaterwrong.com/posts/wmEcNP3KFEGPZaFJk/the-craft-and-the-community-a-post-mortem-and-resurrection#top,https://palegreendot.net/rrg_notes/2018/01/22/rrg-reading-notes.html
2018-01-29,Different Worlds,http://slatestarcodex.com/2017/10/02/different-worlds/,https://palegreendot.net/rrg_notes/2018/01/30/rrg-reading-notes.html
2018-01-29,The Narrative Fallacy and What You Can Do About It,https://www.fs.blog/2016/04/narrative-fallacy/,https://palegreendot.net/rrg_notes/2018/01/30/rrg-reading-notes.html
2018-01-29,What Universal Human Experiences Are You Missing Without Realizing It?,http://slatestarcodex.com/2014/03/17/what-universal-human-experiences-are-you-missing-without-realizing-it/,https://palegreendot.net/rrg_notes/2018/01/30/rrg-reading-notes.html
2018-01-29,Why You're Stuck In A Narrative,http://lesswrong.com/lw/14q/why_youre_stuck_in_a_narrative/,https://palegreendot.net/rrg_notes/2018/01/30/rrg-reading-notes.html
2018-02-05,Politics Is The Mind-Killer,http://lesswrong.com/lw/gw/politics_is_the_mindkiller/,https://palegreendot.net/rrg_notes/2018/02/05/rrg-reading-notes.html
2018-02-05,Conflict vs. Mistake,http://slatestarcodex.com/2018/01/24/conflict-vs-mistake/,https://palegreendot.net/rrg_notes/2018/02/05/rrg-reading-notes.html
2018-02-05,Completing The Countercultures,https://meaningness.com/completing-countercultures,https://palegreendot.net/rrg_notes/2018/02/05/rrg-reading-notes.html
2018-02-05,Counterculture War,https://meaningness.com/counterculture-war,https://palegreendot.net/rrg_notes/2018/02/05/rrg-reading-notes.html
2018-02-05,Are Your Enemies Innately Evil?,http://lesswrong.com/lw/i0/are_your_enemies_innately_evil/,https://palegreendot.net/rrg_notes/2018/02/05/rrg-reading-notes.html
2018-02-12,On the Seelie and Unseelie Courts,https://lexicaldoll.wordpress.com/2017/08/09/on-the-seelie-and-unseelie-courts/,https://palegreendot.net/rrg_notes/2018/02/10/rrg-reading-notes.html
2018-02-12,On Dangerous Technology,https://lexicaldoll.wordpress.com/2017/07/09/on-dangerous-technology/,https://palegreendot.net/rrg_notes/2018/02/10/rrg-reading-notes.html
2018-02-12,On The Tangent Stack,https://lexicaldoll.wordpress.com/2017/09/17/on-the-tangent-stack/,https://palegreendot.net/rrg_notes/2018/02/10/rrg-reading-notes.html
2018-02-12,On Breaking The Script,https://lexicaldoll.wordpress.com/2017/09/03/on-breaking-the-script/,https://palegreendot.net/rrg_notes/2018/02/10/rrg-reading-notes.html
2018-02-12,On The Nature of Hypnosis,https://lexicaldoll.wordpress.com/2017/12/18/on-the-nature-of-hypnosis/,https://palegreendot.net/rrg_notes/2018/02/10/rrg-reading-notes.html
2018-02-19,"In Favor of Niceness, Community and Civilization",http://slatestarcodex.com/2014/02/23/in-favor-of-niceness-community-and-civilization/,https://palegreendot.net/rrg_notes/2018/02/19/rrg-reading-notes.html
2018-02-19,Why The Culture Wins: An Appreciation of Iain M. Banks,http://sciphijournal.org/why-the-culture-wins-an-appreciation-of-iain-m-banks/,https://palegreendot.net/rrg_notes/2018/02/19/rrg-reading-notes.html
2018-02-19,How The West Was Won,http://slatestarcodex.com/2016/07/25/how-the-west-was-won/,https://palegreendot.net/rrg_notes/2018/02/19/rrg-reading-notes.html
2018-02-19,Why Do You Hate Elua?,https://hivewired.wordpress.com/2017/07/05/why-do-you-hate-elua/,https://palegreendot.net/rrg_notes/2018/02/19/rrg-reading-notes.html
2018-02-26,Information Hazard,https://wiki.lesswrong.com/wiki/Information_hazard,https://palegreendot.net/rrg_notes/2018/02/26/rrg-reading-notes.html
2018-02-26,Information Hazards: A Typology of Potential Harms From Knowledge,https://nickbostrom.com/information-hazards.pdf,https://palegreendot.net/rrg_notes/2018/02/26/rrg-reading-notes.html
2018-02-26,The Hazard of Concealing Risk,http://aleph.se/andart2/tag/information-hazard/,https://palegreendot.net/rrg_notes/2018/02/26/rrg-reading-notes.html
2018-02-26,The Wonderful Thing About Triggers,http://slatestarcodex.com/2014/05/30/the-wonderful-thing-about-triggers/,https://palegreendot.net/rrg_notes/2018/02/26/rrg-reading-notes.html
2018-02-26,Roko's Basilisk,https://wiki.lesswrong.com/wiki/Roko's_basilisk,https://palegreendot.net/rrg_notes/2018/02/26/rrg-reading-notes.html
